2o3 DA Permutation,BA % (LLNA),BA % (Human)
"ADRA, EpiSensA, GARDskin",93.2,80.3
"ADRA, EpiSensA, IL-8",87.9,76.7
"ADRA, EpiSensA, U-SENS",83.9,86.1
"ADRA, EpiSensA, h-CLAT",88.3,82.8
"ADRA, KeratinoSens, GARDskin",88.4,80.5
"ADRA, KeratinoSens, IL-8",88.3,81.3
"ADRA, KeratinoSens, U-SENS",80.1,85.9
"ADRA, KeratinoSens, h-CLAT",87.3,81.9
"ADRA, LuSens, GARDskin",94.9,78.0
"ADRA, LuSens, IL-8",90.8,85.6
"ADRA, LuSens, U-SENS",83.6,92.1
"ADRA, LuSens, h-CLAT",92.3,84.3
"DPRA, EpiSensA, GARDskin",92.7,78.5
"DPRA, EpiSensA, IL-8",88.6,71.9
"DPRA, EpiSensA, U-SENS",83.8,96.2
"DPRA, EpiSensA, h-CLAT",89.4,81.9
"DPRA, KeratinoSens, GARDskin",85.3,87.1
"DPRA, KeratinoSens, IL-8",85.3,89.0
"DPRA, KeratinoSens, U-SENS",80.9,86.9
"DPRA, KeratinoSens, h-CLAT*",83.5,88.4
"DPRA, LuSens, GARDskin",94.6,86.4
"DPRA, LuSens, IL-8",91.4,97.0
"DPRA, LuSens, U-SENS",83.3,94.7
"DPRA, LuSens, h-CLAT",93.3,97.4
LLNA,,57.9
