About the OECD,2
1 Section 1-Introduction,6
1.1. General Introduction,6
1.2 DAs included in the Guideline,8
1.3 Limitations,15
1.4 References,17
Part I Section 2 - Defined Approaches for Skin Sensitisation Hazard Identification,19
2.1 “2 out of 3” Defined Approach,20
2.2 References,26
Part II SECTION 3 - Defined Approaches for Skin Sensitisation Potency Categorisation,28
3.1 “Integrated Testing Strategy (ITS)” Defined Approach,29
3.2 References,38
Part III SECTION 4 - Defined Approaches for Derivation of a Quantitative Point of-Departure,39
4.1 “SARA-ICE” Defined Approach for derivation of a point of departure,40
4.2 “Regression-based” Defined Approach for derivation of a point of departure for skin sensitization,48
Annex 1. Prediction models for the individual in chemico/in vitro tests with multiple runs for use in 2o3 DA,56
DPRA Prediction Model,57
ADRA Prediction Model,58
KeratinoSens Prediction Model,59
LuSens Prediction Model,60
EpisensA Prediction Model,61
h-CLAT Prediction Model,62
U-SENS Prediction Model,63
IL-8 Luc Prediction Model,64
GARDSkin Prediction Model,65
References,66
