Annex 2. Assessing confidence in DASS ITS predictions,67
Introduction,67
Applicability domain of the individual information sources,67
Confidence in ITS predictions,68
References,72
"Appendix I: Description, applicability domain, and protocol for Derek Nexus predictions",73
Description of Derek Nexus,73
Applicability domain of Derek Nexus,73
Protocol for generating predictions for skin sensitisation hazard using Derek Nexus v.6.1.0 with Derek KB 2020 1.0,74
References,77
"Appendix II: Description, applicability domain, and protocol for OECD QSAR Toolbox predictions",78
Description of OECD QSAR Toolbox,78
Applicability domain of OECD QSAR Toolbox,78
References,81
Appendix III: Protocol for Generating SARA-ICE Predictions,82
1. Establishing SARA-ICE Inputs,82
2. Running the SARA-ICE Model,84
3. SARA-ICE Model Outputs,84
