DA/Method,"Information Sources (one each per KE and/or in silico, where applicable)",Capability,Hazard Performance vs. LLNA,Hazard Performance vs. Human,Potency Performance vs. LLNA,Potency Performance vs. Human
2o3 DA,"KE1: ADRA, DPRA
KE2: KeratinoSens™, LuSens, EpiSensA
KE3: GARD®skin, h-CLAT, IL-8 Luc, U-SENS™",Hazard,"80-95% BA, 82-97% Sens, 72-100% Spec","72-97% BA, 84-97% Sens, 50-100% Spec",-,-
ITS DA,"KE1: ADRA, DPRA
KE3: GARD®skin, h-CLAT, U-SENS™
In silico: Derek Nexus, OECD QSAR Toolbox","Hazard, Potency","78-88% BA, 91-94% Sens, 65-82% Spec","67-76% BA, 87-96% Sens, 44-57% Spec","66-80% Accuracy
4-17% overpredicted
13-18% underpredicted","54-75% Accuracy
13-18% overpredicted
13-31% underpredicted"
LLNA (provided for comparison),in vivo,"Hazard, Potency",-,"58% BA, 94% Sens, 22% Spec",-,"60% Accuracy
19% overpredicted
21% underpredicted"
